ID,Date,Company,Title,Location,Link
1,2024-02-06,Meta,Software Engineer (University Grad),"Boston, MA",https://www.linkedin.com/jobs/view/software-engineer-university-grad-at-meta-3811302844?position=1&pageNum=0&refId=I7Y5de0T98FP5xboBc%2BojA%3D%3D&trackingId=7adTc82smoS07Cz7eqwKlA%3D%3D&trk=public_jobs_jserp-result_search-card
2,2024-02-02,SynergisticIT,Junior Level Software Engineer,"Boston, MA",https://www.linkedin.com/jobs/view/junior-level-software-engineer-at-synergisticit-3821848748?position=2&pageNum=0&refId=I7Y5de0T98FP5xboBc%2BojA%3D%3D&trackingId=9dwg7BCXq62UJT0Zb%2BtEug%3D%3D&trk=public_jobs_jserp-result_search-card
3,2023-03-28,"Roberts Recruiting, LLC",Software Engineer (All levels),"Cambridge, MA",https://www.linkedin.com/jobs/view/software-engineer-all-levels-at-roberts-recruiting-llc-3576881626?position=3&pageNum=0&refId=I7Y5de0T98FP5xboBc%2BojA%3D%3D&trackingId=5d1DK8tFpStmVBDYNuuWfw%3D%3D&trk=public_jobs_jserp-result_search-card
4,2024-02-12,Microsoft,Software Engineering: Full Time Opportunities- Microsoft AI Development Acceleration Program,"Cambridge, MA",https://www.linkedin.com/jobs/view/software-engineering-full-time-opportunities-microsoft-ai-development-acceleration-program-at-microsoft-3825587801?position=4&pageNum=0&refId=I7Y5de0T98FP5xboBc%2BojA%3D%3D&trackingId=L8DcJhrlNqRpW%2BoypvqpCw%3D%3D&trk=public_jobs_jserp-result_search-card
5,2024-02-12,Epsilon,New Grad-Associate Software Engineer,"Boston, MA",https://www.linkedin.com/jobs/view/new-grad-associate-software-engineer-at-epsilon-3825806761?position=5&pageNum=0&refId=I7Y5de0T98FP5xboBc%2BojA%3D%3D&trackingId=jvqgZ4W7Xm24GILZ3UR0Ew%3D%3D&trk=public_jobs_jserp-result_search-card
6,2023-07-01,Experfy,Full-stack developer,"Boston, MA",https://www.linkedin.com/jobs/view/full-stack-developer-at-experfy-3676180341?position=6&pageNum=0&refId=I7Y5de0T98FP5xboBc%2BojA%3D%3D&trackingId=CWCHZyCHqWKo3xuPVTpEbw%3D%3D&trk=public_jobs_jserp-result_search-card
7,2023-12-02,minware,Junior Front End Engineer,"Boston, MA",https://www.linkedin.com/jobs/view/junior-front-end-engineer-at-minware-3776864489?position=7&pageNum=0&refId=I7Y5de0T98FP5xboBc%2BojA%3D%3D&trackingId=Rk2jHquoZbNVPiWM7rhHCQ%3D%3D&trk=public_jobs_jserp-result_search-card
8,2023-03-28,"Roberts Recruiting, LLC",Full Stack Engineer (All levels),"Boston, MA",https://www.linkedin.com/jobs/view/full-stack-engineer-all-levels-at-roberts-recruiting-llc-3576880740?position=8&pageNum=0&refId=I7Y5de0T98FP5xboBc%2BojA%3D%3D&trackingId=SGR%2BhRGALPx3cfPkOM%2BKFQ%3D%3D&trk=public_jobs_jserp-result_search-card
9,2024-01-25,Nanobiosym,Software Engineer: Web Developer,"Cambridge, MA",https://www.linkedin.com/jobs/view/software-engineer-web-developer-at-nanobiosym-3822180653?position=9&pageNum=0&refId=I7Y5de0T98FP5xboBc%2BojA%3D%3D&trackingId=oYiCJJOfsUZ3%2Fqs7D7IRnA%3D%3D&trk=public_jobs_jserp-result_search-card
10,2023-03-28,"Roberts Recruiting, LLC",Front-end Engineer (All levels),"Cambridge, MA",https://www.linkedin.com/jobs/view/front-end-engineer-all-levels-at-roberts-recruiting-llc-3576882491?position=10&pageNum=0&refId=I7Y5de0T98FP5xboBc%2BojA%3D%3D&trackingId=IgDixKJvLNKlDH6AssGyTQ%3D%3D&trk=public_jobs_jserp-result_search-card
11,2023-07-10,Experfy,Full-stack developer,"Boston, MA",https://www.linkedin.com/jobs/view/full-stack-developer-at-experfy-3686207442?position=11&pageNum=0&refId=I7Y5de0T98FP5xboBc%2BojA%3D%3D&trackingId=B5%2BxC664ulSvTKR6pXD5UA%3D%3D&trk=public_jobs_jserp-result_search-card
12,2024-01-31,Wayfair,"Software Engineer, Frontend Platform","Boston, MA",https://www.linkedin.com/jobs/view/software-engineer-frontend-platform-at-wayfair-3817333699?position=12&pageNum=0&refId=I7Y5de0T98FP5xboBc%2BojA%3D%3D&trackingId=SL1euoZVRN2Or%2BBEVTmVHg%3D%3D&trk=public_jobs_jserp-result_search-card
13,2023-03-28,"Roberts Recruiting, LLC",Software Engineer (All Levels) Java,"Cambridge, MA",https://www.linkedin.com/jobs/view/software-engineer-all-levels-java-at-roberts-recruiting-llc-3576886187?position=13&pageNum=0&refId=I7Y5de0T98FP5xboBc%2BojA%3D%3D&trackingId=rBxTqbsUwDmyHyeB%2FxenEw%3D%3D&trk=public_jobs_jserp-result_search-card
14,2023-12-16,Next Jump,Software Engineer,"Cambridge, MA",https://www.linkedin.com/jobs/view/software-engineer-at-next-jump-3787724781?position=14&pageNum=0&refId=I7Y5de0T98FP5xboBc%2BojA%3D%3D&trackingId=8glmjz1CyvM2vh1k6khR%2BA%3D%3D&trk=public_jobs_jserp-result_search-card
15,2023-04-03,Experfy,Full Stack Engineer,"Boston, MA",https://www.linkedin.com/jobs/view/full-stack-engineer-at-experfy-3590304992?position=15&pageNum=0&refId=I7Y5de0T98FP5xboBc%2BojA%3D%3D&trackingId=1eL51YlK%2FFmyo%2BB5aehwNg%3D%3D&trk=public_jobs_jserp-result_search-card
16,2023-08-29,MindPal,Fullstack Developer (Node.JS & React),"Boston, MA",https://www.linkedin.com/jobs/view/fullstack-developer-node-js-react-at-mindpal-3706656746?position=16&pageNum=0&refId=I7Y5de0T98FP5xboBc%2BojA%3D%3D&trackingId=IwmhMS3U4EmsYVmZAO2AZA%3D%3D&trk=public_jobs_jserp-result_search-card
17,2023-04-03,Experfy,"Software Engineer, Front-End","Boston, MA",https://www.linkedin.com/jobs/view/software-engineer-front-end-at-experfy-3590303351?position=17&pageNum=0&refId=I7Y5de0T98FP5xboBc%2BojA%3D%3D&trackingId=lpmEoe2BgX2v%2F5odG%2FUxEw%3D%3D&trk=public_jobs_jserp-result_search-card
18,2023-06-01,Experfy,Software Engineer/Developer,"Boston, MA",https://www.linkedin.com/jobs/view/software-engineer-developer-at-experfy-3646109600?position=18&pageNum=0&refId=I7Y5de0T98FP5xboBc%2BojA%3D%3D&trackingId=hlM04YgSGnV9hQJr8XczRA%3D%3D&trk=public_jobs_jserp-result_search-card
19,2023-03-29,Lattice Automation,Junior Software Engineer,"Boston, MA",https://www.linkedin.com/jobs/view/junior-software-engineer-at-lattice-automation-3582328904?position=19&pageNum=0&refId=I7Y5de0T98FP5xboBc%2BojA%3D%3D&trackingId=ZF33yxISMzxJME1rMJLetA%3D%3D&trk=public_jobs_jserp-result_search-card
20,2024-01-08,Commonwealth of Massachusetts,Junior Software and Data Engineer,"Boston, MA",https://www.linkedin.com/jobs/view/junior-software-and-data-engineer-at-commonwealth-of-massachusetts-3820394309?position=20&pageNum=0&refId=I7Y5de0T98FP5xboBc%2BojA%3D%3D&trackingId=75KVzgOtR4Aammu8VZ1oFw%3D%3D&trk=public_jobs_jserp-result_search-card
21,2024-02-23,Beam,Software Engineer,"Cambridge, MA",https://www.linkedin.com/jobs/view/software-engineer-at-beam-3837057291?position=21&pageNum=0&refId=I7Y5de0T98FP5xboBc%2BojA%3D%3D&trackingId=%2Bzi3%2FkMZhFBiHYIRQG6CIQ%3D%3D&trk=public_jobs_jserp-result_search-card
22,2023-09-18,MindPal,Fullstack Developer (Node.JS & React),"Boston, MA",https://www.linkedin.com/jobs/view/fullstack-developer-node-js-react-at-mindpal-3738679367?position=22&pageNum=0&refId=I7Y5de0T98FP5xboBc%2BojA%3D%3D&trackingId=VMzWcFyOUPKGQ55XrjJ5YA%3D%3D&trk=public_jobs_jserp-result_search-card
23,2023-07-10,Experfy,Software Engineer/Developer,"Boston, MA",https://www.linkedin.com/jobs/view/software-engineer-developer-at-experfy-3686204049?position=23&pageNum=0&refId=I7Y5de0T98FP5xboBc%2BojA%3D%3D&trackingId=JvjIqkehxRW4EaujM5IKWw%3D%3D&trk=public_jobs_jserp-result_search-card
24,2024-02-16,Gradient AI,Full Stack Engineer,"Boston, MA",https://www.linkedin.com/jobs/view/full-stack-engineer-at-gradient-ai-3832162809?position=24&pageNum=0&refId=I7Y5de0T98FP5xboBc%2BojA%3D%3D&trackingId=yWvpnvaIK%2F6IuJ1GVJhGmQ%3D%3D&trk=public_jobs_jserp-result_search-card
25,2023-08-24,MindPal,Node.JS Developer,"Boston, MA",https://www.linkedin.com/jobs/view/node-js-developer-at-mindpal-3703086667?position=25&pageNum=0&refId=I7Y5de0T98FP5xboBc%2BojA%3D%3D&trackingId=2iSQJVIlAklXT%2FzmOeCZPg%3D%3D&trk=public_jobs_jserp-result_search-card
26,2024-02-15,Wayfair,"Software Engineer, Web Experience","Boston, MA",https://www.linkedin.com/jobs/view/software-engineer-web-experience-at-wayfair-3830419054?position=26&pageNum=0&refId=I7Y5de0T98FP5xboBc%2BojA%3D%3D&trackingId=r313gVCvGAhAUBEWU0QAHQ%3D%3D&trk=public_jobs_jserp-result_search-card
27,2023-04-03,Experfy,Software Engineer,"Cambridge, MA",https://www.linkedin.com/jobs/view/software-engineer-at-experfy-3590330340?position=27&pageNum=0&refId=I7Y5de0T98FP5xboBc%2BojA%3D%3D&trackingId=XMn20VAVp%2FU0uOdfotmLsg%3D%3D&trk=public_jobs_jserp-result_search-card
28,2023-11-21,Arbor,Full Stack Software Engineer at Arbor,"Boston, MA",https://www.linkedin.com/jobs/view/full-stack-software-engineer-at-arbor-at-arbor-3770911145?position=28&pageNum=0&refId=I7Y5de0T98FP5xboBc%2BojA%3D%3D&trackingId=cyxzZtiFyf%2BNymltxAoPhw%3D%3D&trk=public_jobs_jserp-result_search-card
29,2023-03-28,"Roberts Recruiting, LLC",Front End Engineer (All levels),"Boston, MA",https://www.linkedin.com/jobs/view/front-end-engineer-all-levels-at-roberts-recruiting-llc-3576882482?position=29&pageNum=0&refId=I7Y5de0T98FP5xboBc%2BojA%3D%3D&trackingId=YRmTN%2F943OxMTh0j6KSOcw%3D%3D&trk=public_jobs_jserp-result_search-card
30,2024-02-14,Osmo,Software Engineering Intern,"Somerville, MA",https://www.linkedin.com/jobs/view/software-engineering-intern-at-osmo-3830164897?position=30&pageNum=0&refId=I7Y5de0T98FP5xboBc%2BojA%3D%3D&trackingId=WmkdvvGmqlL48eaCZCAuMg%3D%3D&trk=public_jobs_jserp-result_search-card
31,2023-09-01,Hewlett Packard Enterprise,Software Engineering Graduate,"Andover, MA",https://www.linkedin.com/jobs/view/software-engineering-graduate-at-hewlett-packard-enterprise-3702212433?position=31&pageNum=0&refId=I7Y5de0T98FP5xboBc%2BojA%3D%3D&trackingId=Tw00x0UYRnuHOo1%2BjBbnzg%3D%3D&trk=public_jobs_jserp-result_search-card
32,2023-03-28,"Roberts Recruiting, LLC",Software Engineer (All levels),"Boston, MA",https://www.linkedin.com/jobs/view/software-engineer-all-levels-at-roberts-recruiting-llc-3576882488?position=32&pageNum=0&refId=I7Y5de0T98FP5xboBc%2BojA%3D%3D&trackingId=HcxWuWeov554899C8%2BzQqg%3D%3D&trk=public_jobs_jserp-result_search-card
33,2024-02-24,Datadog,Software Engineer - Frontend,"Boston, MA",https://www.linkedin.com/jobs/view/software-engineer-frontend-at-datadog-3724380602?position=33&pageNum=0&refId=I7Y5de0T98FP5xboBc%2BojA%3D%3D&trackingId=hu7fW0aeqLGTFUtAhS7ddQ%3D%3D&trk=public_jobs_jserp-result_search-card
34,2024-01-19,Lambent,Software Engineer,"Boston, MA",https://www.linkedin.com/jobs/view/software-engineer-at-lambent-3826534489?position=34&pageNum=0&refId=I7Y5de0T98FP5xboBc%2BojA%3D%3D&trackingId=wOL84r99ZwzDeUy0beL8Ow%3D%3D&trk=public_jobs_jserp-result_search-card
35,2024-02-23,General Dynamics Mission Systems,Software Engineer â€“ Entry Level,"Quincy, MA",https://www.linkedin.com/jobs/view/software-engineer-%E2%80%93-entry-level-at-general-dynamics-mission-systems-3832682456?position=35&pageNum=0&refId=I7Y5de0T98FP5xboBc%2BojA%3D%3D&trackingId=StvI5SR1XLGfpKS6WKA%2F5Q%3D%3D&trk=public_jobs_jserp-result_search-card
36,2023-06-01,Vermonster,Full-stack Developer,"Boston, MA",https://www.linkedin.com/jobs/view/full-stack-developer-at-vermonster-3646128432?position=36&pageNum=0&refId=I7Y5de0T98FP5xboBc%2BojA%3D%3D&trackingId=gUTkbPzpHNiLGxAyYXOaAg%3D%3D&trk=public_jobs_jserp-result_search-card
37,2023-08-28,MindPal,Node.JS Developer,"Boston, MA",https://www.linkedin.com/jobs/view/node-js-developer-at-mindpal-3706085211?position=37&pageNum=0&refId=I7Y5de0T98FP5xboBc%2BojA%3D%3D&trackingId=jxXFn1lCzbGPzoUvTEfPog%3D%3D&trk=public_jobs_jserp-result_search-card
38,2024-02-07,National Grid,Software Engineer,"Waltham, MA",https://www.linkedin.com/jobs/view/software-engineer-at-national-grid-3825242289?position=38&pageNum=0&refId=I7Y5de0T98FP5xboBc%2BojA%3D%3D&trackingId=qhJQ%2F1Su5Zjfu1kaxR9uKw%3D%3D&trk=public_jobs_jserp-result_search-card
39,2023-11-23,Super.com,Intermediate Full-stack Engineer (Remote),"Boston, MA",https://www.linkedin.com/jobs/view/intermediate-full-stack-engineer-remote-at-super-com-3765156514?position=39&pageNum=0&refId=I7Y5de0T98FP5xboBc%2BojA%3D%3D&trackingId=gj7hACaAMiOGTwpdGEue%2FA%3D%3D&trk=public_jobs_jserp-result_search-card
40,2024-02-22,Saragossa,"Software Engineer - $95,000-110,000 Salary + Bonuses","Boston, MA",https://www.linkedin.com/jobs/view/software-engineer-%2495-000-110-000-salary-%2B-bonuses-at-saragossa-3836257534?position=40&pageNum=0&refId=I7Y5de0T98FP5xboBc%2BojA%3D%3D&trackingId=SveECUH9eo8wYt2yVyBNTA%3D%3D&trk=public_jobs_jserp-result_search-card
41,2023-12-02,minware,Full Stack Engineer,"Boston, MA",https://www.linkedin.com/jobs/view/full-stack-engineer-at-minware-3776861873?position=41&pageNum=0&refId=I7Y5de0T98FP5xboBc%2BojA%3D%3D&trackingId=GTIbWDpeS9k5RdTL4gT2qQ%3D%3D&trk=public_jobs_jserp-result_search-card
42,2023-03-29,Lattice Automation,Intern Software Engineer,"Boston, MA",https://www.linkedin.com/jobs/view/intern-software-engineer-at-lattice-automation-3582328912?position=42&pageNum=0&refId=I7Y5de0T98FP5xboBc%2BojA%3D%3D&trackingId=32muU%2BPGcJj%2BLgHYgX3Mew%3D%3D&trk=public_jobs_jserp-result_search-card
43,2023-03-30,Experfy,"Software Engineer, Back-End","Boston, MA",https://www.linkedin.com/jobs/view/software-engineer-back-end-at-experfy-3583910291?position=43&pageNum=0&refId=I7Y5de0T98FP5xboBc%2BojA%3D%3D&trackingId=8ec740uvHCkDkm3AWU0nuA%3D%3D&trk=public_jobs_jserp-result_search-card
44,2023-07-06,Syrinx Consulting,Full-Stack JavaScript Engineer,"Boston, MA",https://www.linkedin.com/jobs/view/full-stack-javascript-engineer-at-syrinx-consulting-3674412272?position=44&pageNum=0&refId=I7Y5de0T98FP5xboBc%2BojA%3D%3D&trackingId=w%2F3K63JWXLEqRc0Acz8lUg%3D%3D&trk=public_jobs_jserp-result_search-card
45,2024-01-04,Vecna,Software Engineer,"Burlington, MA",https://www.linkedin.com/jobs/view/software-engineer-at-vecna-3816081746?position=45&pageNum=0&refId=I7Y5de0T98FP5xboBc%2BojA%3D%3D&trackingId=AKI4WALro7uyb9JabETPJw%3D%3D&trk=public_jobs_jserp-result_search-card
46,2024-02-01,Jellyfish,Frontend Software Engineer,"Boston, MA",https://www.linkedin.com/jobs/view/frontend-software-engineer-at-jellyfish-3815250611?position=46&pageNum=0&refId=I7Y5de0T98FP5xboBc%2BojA%3D%3D&trackingId=lrWCSxryvKeP%2FMMUo1R2JQ%3D%3D&trk=public_jobs_jserp-result_search-card
47,2024-02-05,SynergisticIT,Entry Level Full Stack/Java Developer(REMOTE),"Boston, MA",https://www.linkedin.com/jobs/view/entry-level-full-stack-java-developer-remote-at-synergisticit-3818362640?position=47&pageNum=0&refId=I7Y5de0T98FP5xboBc%2BojA%3D%3D&trackingId=hPEcapnAKkY9jDMvACnNEg%3D%3D&trk=public_jobs_jserp-result_search-card
48,2024-02-05,SynergisticIT,Entry Level Full Stack/Java Developer(REMOTE),"Boston, MA",https://www.linkedin.com/jobs/view/entry-level-full-stack-java-developer-remote-at-synergisticit-3818364557?position=48&pageNum=0&refId=I7Y5de0T98FP5xboBc%2BojA%3D%3D&trackingId=kabm4yqBDfqantDLzhs%2Fag%3D%3D&trk=public_jobs_jserp-result_search-card
49,2024-02-15,Boston Red Sox,"Developer, Baseball Systems","Boston, MA",https://www.linkedin.com/jobs/view/developer-baseball-systems-at-boston-red-sox-3827945624?position=49&pageNum=0&refId=I7Y5de0T98FP5xboBc%2BojA%3D%3D&trackingId=SFWtexQvAwOP2JEjCdyaNw%3D%3D&trk=public_jobs_jserp-result_search-card
50,2022-01-04,Vyasa Analytics,Angular Web Developer,"Boston, MA",https://www.linkedin.com/jobs/view/angular-web-developer-at-vyasa-analytics-2866045888?position=50&pageNum=0&refId=I7Y5de0T98FP5xboBc%2BojA%3D%3D&trackingId=z4KKM3YJ2FMFNVVbXXsq6Q%3D%3D&trk=public_jobs_jserp-result_search-card
51,2024-02-12,Microsoft,Software Engineer 2,"Cambridge, MA",https://www.linkedin.com/jobs/view/software-engineer-2-at-microsoft-3825591149?position=51&pageNum=0&refId=I7Y5de0T98FP5xboBc%2BojA%3D%3D&trackingId=qMpV4VQPYvdBHLW6MuqswQ%3D%3D&trk=public_jobs_jserp-result_search-card
52,2023-03-29,Lattice Automation,Software Engineer,"Boston, MA",https://www.linkedin.com/jobs/view/software-engineer-at-lattice-automation-3582328902?position=52&pageNum=0&refId=I7Y5de0T98FP5xboBc%2BojA%3D%3D&trackingId=s%2BPWQSmY%2Bs6zuqrEHAKfCA%3D%3D&trk=public_jobs_jserp-result_search-card
53,2024-01-31,Fawkes IDM,Full Stack Developer,"Boston, MA",https://www.linkedin.com/jobs/view/full-stack-developer-at-fawkes-idm-3817905910?position=53&pageNum=0&refId=I7Y5de0T98FP5xboBc%2BojA%3D%3D&trackingId=mYU%2FUnpQHhcbb4M22yytQg%3D%3D&trk=public_jobs_jserp-result_search-card
54,2023-04-03,Experfy,Front End Engineering Developer,"Boston, MA",https://www.linkedin.com/jobs/view/front-end-engineering-developer-at-experfy-3590309210?position=54&pageNum=0&refId=I7Y5de0T98FP5xboBc%2BojA%3D%3D&trackingId=ZBkeRxG5ADOVtx8gviI%2F9A%3D%3D&trk=public_jobs_jserp-result_search-card
55,2024-02-14,Wayfair,"Front End Engineer, Design System","Boston, MA",https://www.linkedin.com/jobs/view/front-end-engineer-design-system-at-wayfair-3829714675?position=55&pageNum=0&refId=I7Y5de0T98FP5xboBc%2BojA%3D%3D&trackingId=7Y5SeHmtlFyvBQ7mVORVCQ%3D%3D&trk=public_jobs_jserp-result_search-card
56,2024-02-08,Sentinel Group,Junior Software Developer,"Wakefield, MA",https://www.linkedin.com/jobs/view/junior-software-developer-at-sentinel-group-3829355851?position=56&pageNum=0&refId=I7Y5de0T98FP5xboBc%2BojA%3D%3D&trackingId=vQP31Qm%2FvDF%2FptQ0DONl4w%3D%3D&trk=public_jobs_jserp-result_search-card
57,2023-11-01,Steneral Consulting,Front End/Full Stack Developer,"Acton, MA",https://www.linkedin.com/jobs/view/front-end-full-stack-developer-at-steneral-consulting-3752011312?position=57&pageNum=0&refId=I7Y5de0T98FP5xboBc%2BojA%3D%3D&trackingId=zgfuvAGRj0hjrPnNeaAgXA%3D%3D&trk=public_jobs_jserp-result_search-card
58,2023-12-05,Super.com,Intermediate Software Engineer (Remote),"Boston, MA",https://www.linkedin.com/jobs/view/intermediate-software-engineer-remote-at-super-com-3774806685?position=58&pageNum=0&refId=I7Y5de0T98FP5xboBc%2BojA%3D%3D&trackingId=9a3KUM3NOEd6tJp7KOTBoQ%3D%3D&trk=public_jobs_jserp-result_search-card
59,2023-11-02,Steneral Consulting,Front End/Full Stack Developer,"Acton, MA",https://www.linkedin.com/jobs/view/front-end-full-stack-developer-at-steneral-consulting-3752601578?position=59&pageNum=0&refId=I7Y5de0T98FP5xboBc%2BojA%3D%3D&trackingId=3qqbEJ1H%2BAInGBomBUKu4A%3D%3D&trk=public_jobs_jserp-result_search-card
60,2024-02-22,TraceLink,Software Developer Intern,"Wilmington, MA",https://www.linkedin.com/jobs/view/software-developer-intern-at-tracelink-3837802677?position=60&pageNum=0&refId=I7Y5de0T98FP5xboBc%2BojA%3D%3D&trackingId=9JjqxUVuJRpukLLCH%2FIafQ%3D%3D&trk=public_jobs_jserp-result_search-card
