Title,Company,Location,Date,Link
Software Engineer (University Grad),Meta,"Fremont, CA",2024-02-16,https://www.linkedin.com/jobs/view/software-engineer-university-grad-at-meta-3831975122?refId=%2FKzYjrkOVRaC2HVlkncGOg%3D%3D&trackingId=EGPSRjtc%2FK8Op7qeaIpDtQ%3D%3D&position=1&pageNum=0&trk=public_jobs_jserp-result_search-card
Software Engineer (University Grad),Meta,"San Francisco, CA",2024-02-06,https://www.linkedin.com/jobs/view/software-engineer-university-grad-at-meta-3821338026?refId=%2FKzYjrkOVRaC2HVlkncGOg%3D%3D&trackingId=mLzGEWdkTGZYF%2FtY2fMzig%3D%3D&position=2&pageNum=0&trk=public_jobs_jserp-result_search-card
Software Engineer (University Grad),Meta,"Menlo Park, CA",2024-02-06,https://www.linkedin.com/jobs/view/software-engineer-university-grad-at-meta-3811303833?refId=%2FKzYjrkOVRaC2HVlkncGOg%3D%3D&trackingId=U3%2Bq1jJEOvVVkHv3284jTw%3D%3D&position=3&pageNum=0&trk=public_jobs_jserp-result_search-card
Software Engineer (University Grad),Meta,"Burlingame, CA",2024-02-06,https://www.linkedin.com/jobs/view/software-engineer-university-grad-at-meta-3811303834?refId=%2FKzYjrkOVRaC2HVlkncGOg%3D%3D&trackingId=MZufRG1SBQI1BguvFCsCKQ%3D%3D&position=4&pageNum=0&trk=public_jobs_jserp-result_search-card
"Software Engineer Intern, Front End (Summer 2024)",Notion,San Francisco Bay Area,2024-02-16,https://www.linkedin.com/jobs/view/software-engineer-intern-front-end-summer-2024-at-notion-3829141664?refId=%2FKzYjrkOVRaC2HVlkncGOg%3D%3D&trackingId=orWXN8yso1lludMZ9w9PsA%3D%3D&position=5&pageNum=0&trk=public_jobs_jserp-result_search-card
Software Engineer Intern,Roku Inc.,"San Jose, CA",2024-02-20,https://www.linkedin.com/jobs/view/software-engineer-intern-at-roku-inc-3834641743?refId=%2FKzYjrkOVRaC2HVlkncGOg%3D%3D&trackingId=03rM8AvHKbin%2Bcx9ukcuKw%3D%3D&position=6&pageNum=0&trk=public_jobs_jserp-result_search-card
0-1 Software Engineer,Wispr AI,"San Francisco, CA",2023-10-09,https://www.linkedin.com/jobs/view/0-1-software-engineer-at-wispr-ai-3730583855?refId=%2FKzYjrkOVRaC2HVlkncGOg%3D%3D&trackingId=JQ%2FyH0wVhcz7GSSIeoL6Gg%3D%3D&position=7&pageNum=0&trk=public_jobs_jserp-result_search-card
Software Engineer (L5) - Streaming Algorithms,Netflix,"Los Gatos, CA",2024-02-10,https://www.linkedin.com/jobs/view/software-engineer-l5-streaming-algorithms-at-netflix-3718482673?refId=%2FKzYjrkOVRaC2HVlkncGOg%3D%3D&trackingId=tF%2F9X88L6AXZJxtvWHYt4Q%3D%3D&position=8&pageNum=0&trk=public_jobs_jserp-result_search-card
"Software engineer, new grad",Watershed,"San Francisco, CA",2024-02-23,https://www.linkedin.com/jobs/view/software-engineer-new-grad-at-watershed-3837353076?refId=%2FKzYjrkOVRaC2HVlkncGOg%3D%3D&trackingId=99Q91A7JSj1bn5kktfifyg%3D%3D&position=9&pageNum=0&trk=public_jobs_jserp-result_search-card
Rotational Software Engineer,Meta,"Menlo Park, CA",2024-02-06,https://www.linkedin.com/jobs/view/rotational-software-engineer-at-meta-3811301555?refId=%2FKzYjrkOVRaC2HVlkncGOg%3D%3D&trackingId=nRUl04GOLPhTk5qLWUF31A%3D%3D&position=10&pageNum=0&trk=public_jobs_jserp-result_search-card
Software Engineer,Vooma,"Palo Alto, CA",2023-06-05,https://www.linkedin.com/jobs/view/software-engineer-at-vooma-3625986775?refId=%2FKzYjrkOVRaC2HVlkncGOg%3D%3D&trackingId=BRRQ0VS9HjJHKq5ujwXdpA%3D%3D&position=11&pageNum=0&trk=public_jobs_jserp-result_search-card
Software Engineer,Microsoft,"Mountain View, CA",2024-02-12,https://www.linkedin.com/jobs/view/software-engineer-at-microsoft-3825578849?refId=%2FKzYjrkOVRaC2HVlkncGOg%3D%3D&trackingId=Omt6pfc92DrFG2yBU9L4Mw%3D%3D&position=12&pageNum=0&trk=public_jobs_jserp-result_search-card
Software Engineer - Entry Level,Swift Solar,"San Carlos, CA",2024-02-23,https://www.linkedin.com/jobs/view/software-engineer-entry-level-at-swift-solar-3836826307?refId=%2FKzYjrkOVRaC2HVlkncGOg%3D%3D&trackingId=y1O5cIpfuhrRzJe%2BmUXh0Q%3D%3D&position=13&pageNum=0&trk=public_jobs_jserp-result_search-card
New College Grad Software Engineer - Front-End,Navan,"Palo Alto, CA",2024-02-22,https://www.linkedin.com/jobs/view/new-college-grad-software-engineer-front-end-at-navan-3817986909?refId=%2FKzYjrkOVRaC2HVlkncGOg%3D%3D&trackingId=%2Fl8cCFis9Qiz7DeU9gBjmg%3D%3D&position=14&pageNum=0&trk=public_jobs_jserp-result_search-card
Frontend Engineer,Intrinsic,"San Francisco, CA",2024-02-23,https://www.linkedin.com/jobs/view/frontend-engineer-at-intrinsic-3837055393?refId=%2FKzYjrkOVRaC2HVlkncGOg%3D%3D&trackingId=D5by6ATKHvHvqGGaUAqr3Q%3D%3D&position=15&pageNum=0&trk=public_jobs_jserp-result_search-card
"Software Engineer, Intern/Co-op",Meta,"Menlo Park, CA",2024-02-06,https://www.linkedin.com/jobs/view/software-engineer-intern-co-op-at-meta-3811306316?refId=%2FKzYjrkOVRaC2HVlkncGOg%3D%3D&trackingId=NMN%2BYLgQqIKsnZEaQihtFA%3D%3D&position=16&pageNum=0&trk=public_jobs_jserp-result_search-card
"Software Engineer (JavaScript, contract/part-time)",Bun,"San Francisco, CA",2023-12-24,https://www.linkedin.com/jobs/view/software-engineer-javascript-contract-part-time-at-bun-3809524294?refId=%2FKzYjrkOVRaC2HVlkncGOg%3D%3D&trackingId=4%2B6o9D1C5BxFLo%2F1S2BQSA%3D%3D&position=17&pageNum=0&trk=public_jobs_jserp-result_search-card
Front End Software Engineer,Syndio,"San Francisco, CA",2024-01-11,https://www.linkedin.com/jobs/view/front-end-software-engineer-at-syndio-3802863519?refId=%2FKzYjrkOVRaC2HVlkncGOg%3D%3D&trackingId=Rry4AzI4eWfDKp%2FV%2FzkGkA%3D%3D&position=18&pageNum=0&trk=public_jobs_jserp-result_search-card
Backend Software Engineer,Ponto,"San Francisco, CA",2023-06-02,https://www.linkedin.com/jobs/view/backend-software-engineer-at-ponto-3647560521?refId=%2FKzYjrkOVRaC2HVlkncGOg%3D%3D&trackingId=FmeE5b642OrJir7mGkF0LA%3D%3D&position=19&pageNum=0&trk=public_jobs_jserp-result_search-card
Software Engineer,Check,"San Francisco, CA",2023-06-27,https://www.linkedin.com/jobs/view/software-engineer-at-check-3673087302?refId=%2FKzYjrkOVRaC2HVlkncGOg%3D%3D&trackingId=26Rj5a7kOG87WWV6RRL8dA%3D%3D&position=20&pageNum=0&trk=public_jobs_jserp-result_search-card
Junior Full Stack Engineer,ViralMoment,"San Francisco, CA",2024-01-18,https://www.linkedin.com/jobs/view/junior-full-stack-engineer-at-viralmoment-3826323256?refId=%2FKzYjrkOVRaC2HVlkncGOg%3D%3D&trackingId=T0Wrto2ErJnSB8GrfkvUyg%3D%3D&position=21&pageNum=0&trk=public_jobs_jserp-result_search-card
Software Engineer,Seam,"San Francisco, CA",2023-06-28,https://www.linkedin.com/jobs/view/software-engineer-at-seam-3646360159?refId=%2FKzYjrkOVRaC2HVlkncGOg%3D%3D&trackingId=fu5fsBU0OY1ehN%2BQqhDTJg%3D%3D&position=22&pageNum=0&trk=public_jobs_jserp-result_search-card
Full Stack Software Engineer INTERN - (Summer 2024),Ample,"San Francisco, CA",2024-02-24,https://www.linkedin.com/jobs/view/full-stack-software-engineer-intern-summer-2024-at-ample-3837395055?refId=%2FKzYjrkOVRaC2HVlkncGOg%3D%3D&trackingId=i9DcXGeH%2BLAH1q6kh%2B5CIA%3D%3D&position=23&pageNum=0&trk=public_jobs_jserp-result_search-card
Software Engineer - New Grad,Applied Intuition,"Mountain View, CA",2024-02-23,https://www.linkedin.com/jobs/view/software-engineer-new-grad-at-applied-intuition-3706738180?refId=%2FKzYjrkOVRaC2HVlkncGOg%3D%3D&trackingId=5p8KToZdRldwT1YpwI4nXQ%3D%3D&position=24&pageNum=0&trk=public_jobs_jserp-result_search-card
"Software Engineer, Growth",Notion,"San Francisco, CA",2024-02-13,https://www.linkedin.com/jobs/view/software-engineer-growth-at-notion-3600360354?refId=%2FKzYjrkOVRaC2HVlkncGOg%3D%3D&trackingId=VPDWeq%2BCkqon2kIAv2VXTA%3D%3D&position=25&pageNum=0&trk=public_jobs_jserp-result_search-card
