Title,Company,Location,Date,Link,Skills
Software Engineer (University Grad),Meta,"Boston, MA",2024-02-06,https://www.linkedin.com/jobs/view/software-engineer-university-grad-at-meta-3811302844?position=1&pageNum=0&refId=MPVDbmvokeKtiner8hCo7A%3D%3D&trackingId=qsMd9ahs8E0C5gHh3RX2uw%3D%3D&trk=public_jobs_jserp-result_search-card,
Software Engineer (All levels),"Roberts Recruiting, LLC","Cambridge, MA",2023-03-28,https://www.linkedin.com/jobs/view/software-engineer-all-levels-at-roberts-recruiting-llc-3576881626?position=2&pageNum=0&refId=MPVDbmvokeKtiner8hCo7A%3D%3D&trackingId=NmQApBKk2TIZtLtNDXDylw%3D%3D&trk=public_jobs_jserp-result_search-card,
Junior Level Software Engineer,SynergisticIT,"Boston, MA",2024-02-02,https://www.linkedin.com/jobs/view/junior-level-software-engineer-at-synergisticit-3821848748?position=3&pageNum=0&refId=MPVDbmvokeKtiner8hCo7A%3D%3D&trackingId=FsRj9T0SL2sN%2FYf%2B6HkRMg%3D%3D&trk=public_jobs_jserp-result_search-card,
Software Engineering: Full Time Opportunities- Microsoft AI Development Acceleration Program,Microsoft,"Cambridge, MA",2024-02-12,https://www.linkedin.com/jobs/view/software-engineering-full-time-opportunities-microsoft-ai-development-acceleration-program-at-microsoft-3825587801?position=4&pageNum=0&refId=MPVDbmvokeKtiner8hCo7A%3D%3D&trackingId=lcCaFzp8zXo2voEfLJhOoA%3D%3D&trk=public_jobs_jserp-result_search-card,
Full-stack developer,Experfy,"Boston, MA",2023-07-01,https://www.linkedin.com/jobs/view/full-stack-developer-at-experfy-3676180341?position=5&pageNum=0&refId=MPVDbmvokeKtiner8hCo7A%3D%3D&trackingId=1IBUKsFJ%2FGF6ZwgsptSumg%3D%3D&trk=public_jobs_jserp-result_search-card,
Full Stack Engineer (All levels),"Roberts Recruiting, LLC","Boston, MA",2023-03-28,https://www.linkedin.com/jobs/view/full-stack-engineer-all-levels-at-roberts-recruiting-llc-3576880740?position=6&pageNum=0&refId=MPVDbmvokeKtiner8hCo7A%3D%3D&trackingId=4oUIVKBJncZgLpTbWNYS4Q%3D%3D&trk=public_jobs_jserp-result_search-card,
Front-end Engineer (All levels),"Roberts Recruiting, LLC","Cambridge, MA",2023-03-28,https://www.linkedin.com/jobs/view/front-end-engineer-all-levels-at-roberts-recruiting-llc-3576882491?position=7&pageNum=0&refId=MPVDbmvokeKtiner8hCo7A%3D%3D&trackingId=Mkovwbiu2jHPe2iOQOoV8Q%3D%3D&trk=public_jobs_jserp-result_search-card,
Full-stack developer,Experfy,"Boston, MA",2023-07-10,https://www.linkedin.com/jobs/view/full-stack-developer-at-experfy-3686207442?position=8&pageNum=0&refId=MPVDbmvokeKtiner8hCo7A%3D%3D&trackingId=hKYdkj8oEF8Vqf96vpQI0w%3D%3D&trk=public_jobs_jserp-result_search-card,
Software Engineer (All Levels) Java,"Roberts Recruiting, LLC","Cambridge, MA",2023-03-28,https://www.linkedin.com/jobs/view/software-engineer-all-levels-java-at-roberts-recruiting-llc-3576886187?position=9&pageNum=0&refId=MPVDbmvokeKtiner8hCo7A%3D%3D&trackingId=WV%2BCcUU07o6foncp8hToLw%3D%3D&trk=public_jobs_jserp-result_search-card,
Software Engineer,Next Jump,"Cambridge, MA",2023-12-16,https://www.linkedin.com/jobs/view/software-engineer-at-next-jump-3787724781?position=10&pageNum=0&refId=MPVDbmvokeKtiner8hCo7A%3D%3D&trackingId=OtHbI%2Bf0KrjtfxT1suHtEA%3D%3D&trk=public_jobs_jserp-result_search-card,
Full Stack Engineer,Experfy,"Boston, MA",2023-04-03,https://www.linkedin.com/jobs/view/full-stack-engineer-at-experfy-3590304992?position=11&pageNum=0&refId=MPVDbmvokeKtiner8hCo7A%3D%3D&trackingId=Dy%2B3rPqCTiv2xi4Limylhg%3D%3D&trk=public_jobs_jserp-result_search-card,
Fullstack Developer (Node.JS & React),MindPal,"Boston, MA",2023-08-29,https://www.linkedin.com/jobs/view/fullstack-developer-node-js-react-at-mindpal-3706656746?position=12&pageNum=0&refId=MPVDbmvokeKtiner8hCo7A%3D%3D&trackingId=28TLG8XF9JOkQJiH72m4wQ%3D%3D&trk=public_jobs_jserp-result_search-card,
Software Engineer - Web Developer,Schneider Electric,"Boston, MA",2024-02-26,https://www.linkedin.com/jobs/view/software-engineer-web-developer-at-schneider-electric-3840674737?position=13&pageNum=0&refId=MPVDbmvokeKtiner8hCo7A%3D%3D&trackingId=8PLdhfObyLmme4rS5mKNIA%3D%3D&trk=public_jobs_jserp-result_search-card,
"Software Engineer, Front-End",Experfy,"Boston, MA",2023-04-03,https://www.linkedin.com/jobs/view/software-engineer-front-end-at-experfy-3590303351?position=14&pageNum=0&refId=MPVDbmvokeKtiner8hCo7A%3D%3D&trackingId=xBGYO7%2BVT77HydMFSUln2w%3D%3D&trk=public_jobs_jserp-result_search-card,
Software Engineer/Developer,Experfy,"Boston, MA",2023-06-01,https://www.linkedin.com/jobs/view/software-engineer-developer-at-experfy-3646109600?position=15&pageNum=0&refId=MPVDbmvokeKtiner8hCo7A%3D%3D&trackingId=qHNxqbhbflonYOVlIyvnvg%3D%3D&trk=public_jobs_jserp-result_search-card,
Junior Software Engineer,Lattice Automation,"Boston, MA",2023-03-29,https://www.linkedin.com/jobs/view/junior-software-engineer-at-lattice-automation-3582328904?position=16&pageNum=0&refId=MPVDbmvokeKtiner8hCo7A%3D%3D&trackingId=9%2F%2B4y9AL%2Bxsjb4LH0Mihjw%3D%3D&trk=public_jobs_jserp-result_search-card,
Junior Software and Data Engineer,Commonwealth of Massachusetts,"Boston, MA",2024-01-08,https://www.linkedin.com/jobs/view/junior-software-and-data-engineer-at-commonwealth-of-massachusetts-3820394309?position=17&pageNum=0&refId=MPVDbmvokeKtiner8hCo7A%3D%3D&trackingId=8pbGyRwZ7kF7moIHR0J0ig%3D%3D&trk=public_jobs_jserp-result_search-card,
Fullstack Developer (Node.JS & React),MindPal,"Boston, MA",2023-09-18,https://www.linkedin.com/jobs/view/fullstack-developer-node-js-react-at-mindpal-3738679367?position=18&pageNum=0&refId=MPVDbmvokeKtiner8hCo7A%3D%3D&trackingId=koFm%2BHlQCPOui7lWEqx4%2Fw%3D%3D&trk=public_jobs_jserp-result_search-card,
Software Engineer/Developer,Experfy,"Boston, MA",2023-07-10,https://www.linkedin.com/jobs/view/software-engineer-developer-at-experfy-3686204049?position=19&pageNum=0&refId=MPVDbmvokeKtiner8hCo7A%3D%3D&trackingId=kfWf2JVm%2BNdeKfGojcOGNA%3D%3D&trk=public_jobs_jserp-result_search-card,
Software Engineer - Full Stack,Allocate,"Boston, MA",2024-01-17,https://www.linkedin.com/jobs/view/software-engineer-full-stack-at-allocate-3808636338?position=20&pageNum=0&refId=MPVDbmvokeKtiner8hCo7A%3D%3D&trackingId=9OC%2B5aqFiDW8noUS3XtQQg%3D%3D&trk=public_jobs_jserp-result_search-card,
Full Stack Engineer,Gradient AI,"Boston, MA",2024-02-16,https://www.linkedin.com/jobs/view/full-stack-engineer-at-gradient-ai-3832162809?position=21&pageNum=0&refId=MPVDbmvokeKtiner8hCo7A%3D%3D&trackingId=eUVK6TohjwE7zEU0mEClZg%3D%3D&trk=public_jobs_jserp-result_search-card,
Software Engineer,Experfy,"Cambridge, MA",2023-04-03,https://www.linkedin.com/jobs/view/software-engineer-at-experfy-3590330340?position=22&pageNum=0&refId=MPVDbmvokeKtiner8hCo7A%3D%3D&trackingId=XTQaDYTM2JPBAROUpofSYw%3D%3D&trk=public_jobs_jserp-result_search-card,
Software Engineer - Frontend,Datadog,"Boston, MA",2024-02-24,https://www.linkedin.com/jobs/view/software-engineer-frontend-at-datadog-3724380602?position=23&pageNum=0&refId=MPVDbmvokeKtiner8hCo7A%3D%3D&trackingId=AOetNT%2FAXieloznPHFwL8w%3D%3D&trk=public_jobs_jserp-result_search-card,
Full Stack Software Engineer at Arbor,Arbor,"Boston, MA",2023-11-21,https://www.linkedin.com/jobs/view/full-stack-software-engineer-at-arbor-at-arbor-3770911145?position=24&pageNum=0&refId=MPVDbmvokeKtiner8hCo7A%3D%3D&trackingId=pitbeCEdhTErld0e6KlgXA%3D%3D&trk=public_jobs_jserp-result_search-card,
Front End Engineer (All levels),"Roberts Recruiting, LLC","Boston, MA",2023-03-28,https://www.linkedin.com/jobs/view/front-end-engineer-all-levels-at-roberts-recruiting-llc-3576882482?position=25&pageNum=0&refId=MPVDbmvokeKtiner8hCo7A%3D%3D&trackingId=ocs6Ke8wK6og5dDZGqutFw%3D%3D&trk=public_jobs_jserp-result_search-card,
Software Engineer (All levels),"Roberts Recruiting, LLC","Boston, MA",2023-03-28,https://www.linkedin.com/jobs/view/software-engineer-all-levels-at-roberts-recruiting-llc-3576882488?position=26&pageNum=0&refId=MPVDbmvokeKtiner8hCo7A%3D%3D&trackingId=57NsfjMfhh6vOY564txf1g%3D%3D&trk=public_jobs_jserp-result_search-card,
Software Engineering Intern,Osmo,"Somerville, MA",2024-02-14,https://www.linkedin.com/jobs/view/software-engineering-intern-at-osmo-3830164897?position=27&pageNum=0&refId=MPVDbmvokeKtiner8hCo7A%3D%3D&trackingId=IcA6JBkzPmTe9qXB34PduQ%3D%3D&trk=public_jobs_jserp-result_search-card,
Software Engineering Graduate,Hewlett Packard Enterprise,"Andover, MA",2023-09-01,https://www.linkedin.com/jobs/view/software-engineering-graduate-at-hewlett-packard-enterprise-3702212433?position=28&pageNum=0&refId=MPVDbmvokeKtiner8hCo7A%3D%3D&trackingId=%2Bf3JrOv3qc49Uw773sjrZw%3D%3D&trk=public_jobs_jserp-result_search-card,
Software Engineer â€“ Entry Level,General Dynamics Mission Systems,"Quincy, MA",2024-02-23,https://www.linkedin.com/jobs/view/software-engineer-%E2%80%93-entry-level-at-general-dynamics-mission-systems-3832682456?position=29&pageNum=0&refId=MPVDbmvokeKtiner8hCo7A%3D%3D&trackingId=43iA4c6b7ux3WifgHXw88w%3D%3D&trk=public_jobs_jserp-result_search-card,
Intermediate Full-stack Engineer (Remote),Super.com,"Boston, MA",2023-11-23,https://www.linkedin.com/jobs/view/intermediate-full-stack-engineer-remote-at-super-com-3765156514?position=30&pageNum=0&refId=MPVDbmvokeKtiner8hCo7A%3D%3D&trackingId=TYDGLFxBkCg3jWyWVIy%2B7g%3D%3D&trk=public_jobs_jserp-result_search-card,
"Software Engineer - $95,000-110,000 Salary + Bonuses",Saragossa,"Boston, MA",2024-02-22,https://www.linkedin.com/jobs/view/software-engineer-%2495-000-110-000-salary-%2B-bonuses-at-saragossa-3836257534?position=31&pageNum=0&refId=MPVDbmvokeKtiner8hCo7A%3D%3D&trackingId=HL3gnJzZsW7WqubNAiEdTQ%3D%3D&trk=public_jobs_jserp-result_search-card,
Intern Software Engineer,Lattice Automation,"Boston, MA",2023-03-29,https://www.linkedin.com/jobs/view/intern-software-engineer-at-lattice-automation-3582328912?position=32&pageNum=0&refId=MPVDbmvokeKtiner8hCo7A%3D%3D&trackingId=0QDpPipZFl7H5CrLkBQrLg%3D%3D&trk=public_jobs_jserp-result_search-card,
Full-stack Developer,Vermonster,"Boston, MA",2023-06-01,https://www.linkedin.com/jobs/view/full-stack-developer-at-vermonster-3646128432?position=33&pageNum=0&refId=MPVDbmvokeKtiner8hCo7A%3D%3D&trackingId=Tl%2BeYA1rydftHb8qmyJMAg%3D%3D&trk=public_jobs_jserp-result_search-card,
"Software Engineer, Back-End",Experfy,"Boston, MA",2023-03-30,https://www.linkedin.com/jobs/view/software-engineer-back-end-at-experfy-3583910291?position=34&pageNum=0&refId=MPVDbmvokeKtiner8hCo7A%3D%3D&trackingId=sbDg8HKap4tCvbOjYWsUqQ%3D%3D&trk=public_jobs_jserp-result_search-card,
Full-Stack JavaScript Engineer,Syrinx Consulting,"Boston, MA",2023-07-06,https://www.linkedin.com/jobs/view/full-stack-javascript-engineer-at-syrinx-consulting-3674412272?position=35&pageNum=0&refId=MPVDbmvokeKtiner8hCo7A%3D%3D&trackingId=%2BZDTg%2FVsvJ7QjFZRJFxAeA%3D%3D&trk=public_jobs_jserp-result_search-card,
Software Engineer,Vecna,"Burlington, MA",2024-01-04,https://www.linkedin.com/jobs/view/software-engineer-at-vecna-3816081746?position=36&pageNum=0&refId=MPVDbmvokeKtiner8hCo7A%3D%3D&trackingId=nN%2FFap1fMznhcgg6Z5ufOw%3D%3D&trk=public_jobs_jserp-result_search-card,
"Developer, Baseball Systems",Boston Red Sox,"Boston, MA",2024-02-15,https://www.linkedin.com/jobs/view/developer-baseball-systems-at-boston-red-sox-3827945624?position=37&pageNum=0&refId=MPVDbmvokeKtiner8hCo7A%3D%3D&trackingId=807KqmKJVE3pi22ylwBG3g%3D%3D&trk=public_jobs_jserp-result_search-card,
Software Engineer 2,Microsoft,"Cambridge, MA",2024-02-12,https://www.linkedin.com/jobs/view/software-engineer-2-at-microsoft-3825591149?position=38&pageNum=0&refId=MPVDbmvokeKtiner8hCo7A%3D%3D&trackingId=%2BcXlp0ud7N%2BtTomTDBq2Dw%3D%3D&trk=public_jobs_jserp-result_search-card,
Frontend Software Engineer,Jellyfish,"Boston, MA",2024-02-01,https://www.linkedin.com/jobs/view/frontend-software-engineer-at-jellyfish-3815250611?position=39&pageNum=0&refId=MPVDbmvokeKtiner8hCo7A%3D%3D&trackingId=80viL6xFQND4SjlR3T9pmQ%3D%3D&trk=public_jobs_jserp-result_search-card,
Angular Web Developer,Vyasa Analytics,"Boston, MA",2022-01-04,https://www.linkedin.com/jobs/view/angular-web-developer-at-vyasa-analytics-2866045888?position=40&pageNum=0&refId=MPVDbmvokeKtiner8hCo7A%3D%3D&trackingId=U1%2BQ97BfEAyo6YXi%2Br9KCA%3D%3D&trk=public_jobs_jserp-result_search-card,
Software Engineer,Lattice Automation,"Boston, MA",2023-03-29,https://www.linkedin.com/jobs/view/software-engineer-at-lattice-automation-3582328902?position=41&pageNum=0&refId=MPVDbmvokeKtiner8hCo7A%3D%3D&trackingId=v5xe97kInTlm7TIxEBHBeg%3D%3D&trk=public_jobs_jserp-result_search-card,
Full Stack Developer,Fawkes IDM,"Boston, MA",2024-01-31,https://www.linkedin.com/jobs/view/full-stack-developer-at-fawkes-idm-3817905910?position=42&pageNum=0&refId=MPVDbmvokeKtiner8hCo7A%3D%3D&trackingId=hDFXRW89y9KRa03RrH%2FZhQ%3D%3D&trk=public_jobs_jserp-result_search-card,
Front End Engineering Developer,Experfy,"Boston, MA",2023-04-03,https://www.linkedin.com/jobs/view/front-end-engineering-developer-at-experfy-3590309210?position=43&pageNum=0&refId=MPVDbmvokeKtiner8hCo7A%3D%3D&trackingId=ru7wiWmmCrJ95Vzm6wDenQ%3D%3D&trk=public_jobs_jserp-result_search-card,
Node.JS Developer,MindPal,"Boston, MA",2023-08-24,https://www.linkedin.com/jobs/view/node-js-developer-at-mindpal-3703086667?position=44&pageNum=0&refId=MPVDbmvokeKtiner8hCo7A%3D%3D&trackingId=Q2M0JH8KaNLbT3vcfe1VVA%3D%3D&trk=public_jobs_jserp-result_search-card,
Junior Software Developer,Sentinel Group,"Wakefield, MA",2024-02-08,https://www.linkedin.com/jobs/view/junior-software-developer-at-sentinel-group-3829355851?position=45&pageNum=0&refId=MPVDbmvokeKtiner8hCo7A%3D%3D&trackingId=z8vTTS4tZ4jJBJrMnZXQ7A%3D%3D&trk=public_jobs_jserp-result_search-card,
Software Developer Intern,TraceLink,"Wilmington, MA",2024-02-22,https://www.linkedin.com/jobs/view/software-developer-intern-at-tracelink-3837802677?position=46&pageNum=0&refId=MPVDbmvokeKtiner8hCo7A%3D%3D&trackingId=gRMPMsxTQwYDjZRLvHEQDg%3D%3D&trk=public_jobs_jserp-result_search-card,
Front End/Full Stack Developer,Steneral Consulting,"Acton, MA",2023-11-02,https://www.linkedin.com/jobs/view/front-end-full-stack-developer-at-steneral-consulting-3752601578?position=47&pageNum=0&refId=MPVDbmvokeKtiner8hCo7A%3D%3D&trackingId=dX1dCSOOVgpVHkeMEHwqSQ%3D%3D&trk=public_jobs_jserp-result_search-card,
Node.JS Developer,MindPal,"Boston, MA",2023-08-28,https://www.linkedin.com/jobs/view/node-js-developer-at-mindpal-3706085211?position=48&pageNum=0&refId=MPVDbmvokeKtiner8hCo7A%3D%3D&trackingId=EEpFTJy8HbMqm8fru4jQ8A%3D%3D&trk=public_jobs_jserp-result_search-card,
Front End/Full Stack Developer,Steneral Consulting,"Acton, MA",2023-11-01,https://www.linkedin.com/jobs/view/front-end-full-stack-developer-at-steneral-consulting-3752011312?position=49&pageNum=0&refId=MPVDbmvokeKtiner8hCo7A%3D%3D&trackingId=5xzK1602zXoITfZ9sRsvhQ%3D%3D&trk=public_jobs_jserp-result_search-card,
"Software Engineer - Co-op, Fall 2024 (July-December)",Alloy Enterprises Inc,"Burlington, MA",2024-02-01,https://www.linkedin.com/jobs/view/software-engineer-co-op-fall-2024-july-december-at-alloy-enterprises-inc-3817989136?position=50&pageNum=0&refId=MPVDbmvokeKtiner8hCo7A%3D%3D&trackingId=rh8DEYNtTKZrRPLC7bh9Ug%3D%3D&trk=public_jobs_jserp-result_search-card,
